DATE;LFEMTTTTATQ647S;LFEMTTTTAUQ647S;LFEMTTTTBEQ647S;LFEMTTTTCAQ647S;LFEMTTTTCHQ647S;LFEMTTTTDEQ647S;LFEMTTTTDKQ647S;LFEMTTTTESQ647S;LFEMTTTTFIQ647S;LFEMTTTTFRQ647S;LFEMTTTTGBQ647S;LFEMTTTTGRQ647S;LFEMTTTTIEQ647S;LFEMTTTTISQ647S;LFEMTTTTITQ647S;LFEMTTTTJPQ647S;LFEMTTTTLUQ647S;LFEMTTTTNLQ647S;LFEMTTTTNOQ647S;LFEMTTTTNZQ647S;LFEMTTTTPTQ647S;LFEMTTTTSEQ647S;LFEMTTTTTRQ647S;LFEMTTTTUSQ647S
1960-01-01;;;;5943021,8248634500;;;;;;;;;;;;43906666,6666667;;;;;;;;65213333,3333333
1960-04-01;;;;5941068,6697913400;;;;;;;;;;;;44243333,3333333;;;;;;;;66061333,3333334
1960-07-01;;;;5972413,3782816500;;;;;;;;;;;;44673333,3333333;;;;;;;;66023666,6666666
1960-10-01;;;;6003765,5282524400;;;;;;;;;;;;44686666,6666667;;;;;;;;65839666,6666666
1961-01-01;;;;5968072,2560354600;;;;;;;;;;;;44996666,6666667;;;;;;;;65738000,0000000
1961-04-01;;;;6038898,4095203200;;;;;;;;;;;;44703333,3333333;;;;;;;;65605333,3333334
1961-07-01;;;;6073162,9024073300;;;;;;;;;;;;44946666,6666667;;;;;;;;65667000,0000000
1961-10-01;;;;6137286,8405186200;;;;;;;;;;;;45300000,0000000;;;;;;;;65966666,6666666
1962-01-01;;;;6173229,4339151200;;34013152,892647500;;;;;;;;;;45436666,6666667;;;;;;;;66379666,6666666
1962-04-01;;;;6237137,8485271100;;34009301,663095200;;;;;;;;;;45496666,6666667;;;;;;;;66576666,6666666
1962-07-01;;;;6246579,7112446200;;34046040,520045700;;;;;;;;;;45643333,3333333;;;;;;;;66881000,0000000
1962-10-01;;;;6243090,4122369800;;33993159,995079600;;;;;;;;;;45673333,3333333;;;;;;;;66969333,3333334
1963-01-01;;;;6263835,0147707800;;34006198,852960000;;;;;;;;;;45413333,3333333;;;;;;;;67149000,0000000
1963-04-01;;;;6318307,2768084800;;34115277,475676900;;;;;;;;;;45890000,0000000;;;;;;;;67635333,3333333
1963-07-01;;;;6415867,6026591700;;34032607,048370900;;;;;;;;;;46133333,3333333;;;;;;;;67995666,6666667
1963-10-01;;;;6498259,1758727500;;34051183,991917100;;;;;;;;;;46316666,6666667;;;;;;;;68258000,0000000
1964-01-01;;;;6558723,5969273300;;33966756,766447000;;;;;;;;;;46430000,0000000;;;;;;;;68613666,6666667
1964-04-01;;;;6583112,3680227900;;34076616,019250200;;;;;;;;;;46526666,6666667;;;;;;;;69401666,6666667
1964-07-01;;;;6619713,4019989300;;34008181,657922700;;;;;;;;;;46516666,6666667;;;;;;;;69480000,0000000
1964-10-01;;;;6675574,1890231300;;34035976,716988100;;;;;;;;;;46780000,0000000;;;;;;;;69710333,3333333
1965-01-01;;;;6779333,3333333300;;34150215,962745500;;;;;;;;;;47103333,3333333;;;;;;;;70187666,6666667
1965-04-01;;;;6825333,3333333300;;34224904,189353200;;;;;;;;;;47043333,3333333;;;;;;;;70897333,3333333
1965-07-01;;;;6880666,6666666700;;34196210,664768700;;;;;;;;;;47426666,6666667;;;;;;;;71369333,3333333
1965-10-01;;;;6962666,6666666700;;34150164,542370600;;;;;;;;;;47633333,3333333;;;;;;;;71827000,0000000
1966-01-01;;;;7160000,0000000000;;34254820,718313000;;;;;;;;;;48073333,3333333;;;;;;;;72173333,3333333
1966-04-01;;;;7198000,0000000000;;34261478,797113300;;;;;;;;;;48180000,0000000;;;;;;;;72594000,0000000
1966-07-01;;;;7272666,6666666700;;34018841,572361500;;;;;;;;;;48353333,3333333;;;;;;;;73088000,0000000
1966-10-01;;;;7338000,0000000000;;33676595,303572200;;;;;;;;;;48526666,6666667;;;;;;;;73656666,6666667
1967-01-01;;4883200,0000000000;;7402333,3333333300;;33211133,899944200;;;;;;;;;;48700000,0000000;;;;;;;;73572000,0000000
1967-04-01;;4907300,0000000000;;7415000,0000000000;;32913064,134465200;;;;;;;;;;49296666,6666667;;;;;;;;74001333,3333333
1967-07-01;;4945700,0000000000;;7497333,3333333300;;32874508,825646700;;;;;;;;;;49363333,3333333;;;;;;;;74713666,6666667
1967-10-01;;4975600,0000000000;;7487333,3333333300;;32768811,118458900;;;;;;;;;;49450000,0000000;;;;;;;;75216333,3333333
1968-01-01;;5000600,0000000000;;7477333,3333333300;;32813941,975670500;;;;;;;;;;49613333,3333333;;;;;;;;75102666,6666667
1968-04-01;;5032700,0000000000;;7536666,6666666700;;32834212,857970300;;;;;;;;;;49950000,0000000;;;;;;;;75950000,0000000
1968-07-01;;5068700,0000000000;;7628000,0000000000;;33016293,237967700;;;;;;;;;;50150000,0000000;;;;;;;;76100666,6666667
1968-10-01;;5082100,0000000000;;7727333,3333333300;;33254445,031885500;;;;;;;;;;50380000,0000000;;;;;;;;76498666,6666667
1969-01-01;2979667,9120000000;5137300,0000000000;;7815666,6666666700;;33398669,138689900;;;;;;;;;;50173333,3333333;;;;;;;;77166333,3333333
1969-04-01;2974978,6980000000;5159200,0000000000;;7851333,3333333300;;33372956,040931800;;;;;;;;;;50330000,0000000;;;;;;;;77605000,0000000
1969-07-01;2986492,8870000000;5196400,0000000000;;7821666,6666666700;;33484330,095102700;;;;;;;;;;50546666,6666667;;;;;;;;78153000,0000000
1969-10-01;2960749,1120000000;5255700,0000000000;;7844000,0000000000;;33633402,062470500;;;;;;;;;;50606666,6666667;;;;;;;;78575333,3333333
1970-01-01;2954169,3180000000;5318400,0000000000;;7860666,6666666700;;33727342,774500400;;;;;;;;;;50780000,0000000;;;;;;;;78780333,3333333
1970-04-01;2980400,7090000000;5370500,0000000000;;7916000,0000000000;;33819539,682643900;;;;;;;;;;50946666,6666667;;;;;;;;78635666,6666667
1970-07-01;2974041,8750000000;5410000,0000000000;;7932666,6666666700;;33915775,634040000;;;;;;;;;;51090000,0000000;;;;;;;;78616000,0000000
1970-10-01;2974501,0200000000;5448900,0000000000;;7972333,3333333300;;33965032,781053600;;;;;;;;;;50973333,3333333;;;;;;;;78643000,0000000
1971-01-01;2962516,1820000000;5480800,0000000000;;8007666,6666666700;;34074463,070276700;;;;;24613000,000000000;;;;;51280000,0000000;;;;;;;;78717333,3333333
1971-04-01;2973786,2700000000;5524600,0000000000;;8023666,6666666700;;34067148,659467500;;;;;24556000,000000000;;;;;51276666,6666667;;;;;;;;78961000,0000000
1971-07-01;2974209,6830000000;5532000,0000000000;;8146000,0000000000;;34042155,071190800;;;;;24463000,000000000;;;;;51163333,3333333;;;;;;;;79511000,0000000
1971-10-01;2983470,7090000000;5526900,0000000000;;8233666,6666666700;;34012443,936581000;;;;;24395000,000000000;;;;;51176666,6666667;;;;;;;;80228666,6666667
1972-01-01;2983876,1370000000;5536000,0000000000;;8277333,3333333300;;33926831,843806000;;;;;24501000,000000000;;;;;51133333,3333333;;;;;;;;81213333,3333333
1972-04-01;2980134,4800000000;5564400,0000000000;;8300333,3333333300;;33888027,269808600;;;;;24542000,000000000;;;;;51073333,3333333;;;;;;;;81875000,0000000
1972-07-01;2994266,9680000000;5628600,0000000000;;8368000,0000000000;;33896295,230040600;;;;;24585000,000000000;;;;;51620000,0000000;;;;;;;;82450333,3333333
1972-10-01;3014309,6450000000;5674100,0000000000;;8428666,6666666600;;33952008,945216800;;;;;24688000,000000000;;;;;51950000,0000000;;;;;;;;83002000,0000000
1973-01-01;3020441,9180000000;5703800,0000000000;;8611666,6666666600;;34111515,629373000;;;;;24903000,000000000;;;;;52646666,6666667;;;;;;;;83841666,6666667
1973-04-01;2999236,3410000000;5714500,0000000000;;8774333,3333333400;;34221644,166579500;;;;;24986000,000000000;;;;;52270000,0000000;;;;;;;;84797333,3333333
1973-07-01;3016163,9270000000;5804800,0000000000;;8760333,3333333400;;34230188,499977900;;;;;24972000,000000000;;;;;52523333,3333333;;;;;;;;85330333,3333333
1973-10-01;3003969,3980000000;5835800,0000000000;;8890000,0000000000;;34119332,928697600;;;;;24999000,000000000;;;;;52910000,0000000;;;;;;;;86236000,0000000
1974-01-01;3006660,7570000000;5900000,0000000000;;9019333,3333333400;;34005066,944251100;;;;;24984000,000000000;;;;;52503333,3333333;;;;;;;;86709333,3333333
1974-04-01;3041939,8820000000;5910600,0000000000;;9082000,0000000000;;33827024,284384300;;;;;25002000,000000000;;;;;52573333,3333333;;;;;;;;86833666,6666667
1974-07-01;3004216,0100000000;5878900,0000000000;;9169333,3333333400;;33600317,945252700;;;;;25066000,000000000;;;;;52206666,6666667;;;;;;;;87079000,0000000
1974-10-01;2986604,8670000000;5874900,0000000000;;9227666,6666666600;;33319915,756135900;;;;;25066000,000000000;;;;;52180000,0000000;;;;;;;;86588333,3333333
1975-01-01;2977826,4460000000;5827900,0000000000;;9158333,3333333400;;33036756,723931000;;;;;24996000,000000000;;;;;51953333,3333333;;;;;;;;85356666,6666667
1975-04-01;2935254,0860000000;5840900,0000000000;;9252666,6666666600;;32791569,642679000;;;;;24956000,000000000;;;;;52206666,6666667;;;;;;;;85331666,6666667
1975-07-01;2922863,3120000000;5865800,0000000000;;9296000,0000000000;;32600494,011946400;;;;;24917000,000000000;;;;;52383333,3333333;;;;;;;;86135666,6666667
1975-10-01;2934380,2030000000;5930500,0000000000;;9417000,0000000000;;32426565,436623600;;;;;24863000,000000000;;;;;52376666,6666667;;;;;;;;86497000,0000000
1976-01-01;2926203,0800000000;5951200,0000000000;;9664966,6666666600;;32396878,860807600;;;;;24809000,000000000;;;;;52650000,0000000;;;;;;;;87685666,6666667
1976-04-01;2954208,1710000000;5968500,0000000000;;9736966,6666666600;;32405786,466650000;;;;;24779000,000000000;;;;;52436666,6666667;;;;;;;;88591000,0000000
1976-07-01;2942508,6290000000;5922100,0000000000;;9774433,3333333400;;32418068,707918200;;;;;24768000,000000000;;;;;52823333,3333333;;;;;;;;89163000,0000000
1976-10-01;2965727,3910000000;5942500,0000000000;;9820566,6666666600;;32465052,523556100;;;;;24788000,000000000;;;;;52920000,0000000;;;;;;;;89570333,3333333
1977-01-01;2976041,6800000000;5989200,0000000000;;9863633,3333333300;;32383967,191070000;;;;;24803000,000000000;;;;;53120000,0000000;;;;;;;;90359333,3333333
1977-04-01;2991273,9540000000;6008200,0000000000;;9902200,0000000000;;32329294,523372200;;;;;24801000,000000000;;;;;53340000,0000000;;;;;;;;91661333,3333333
1977-07-01;2999087,5070000000;6018900,0000000000;;9923233,3333333300;;32328784,486372800;;;;;24809000,000000000;;;;;53550000,0000000;;;;;;;;92409000,0000000
1977-10-01;2987978,8800000000;5984200,0000000000;;9976400,0000000000;;32410855,550457000;;;;;24823000,000000000;;;;;53670000,0000000;;;;;;;;93639333,3333333
1978-01-01;3019865,9210000000;5999063,4540000000;;10052533,3333333000;;32441183,372523600;;;;;24862000,000000000;;;;;53773333,3333333;;;;;;;;94552666,6666667
1978-04-01;2993730,8190000000;6032788,4730000000;;10156166,6666667000;;32506897,278336700;;;;;24897000,000000000;;;;;54180000,0000000;;;;;;;;95835333,3333333
1978-07-01;3028949,3290000000;6032472,8970000000;;10276333,3333333000;;32590465,379959100;;;;;24941000,000000000;;;;;54020000,0000000;;;;;;;;96397000,0000000
1978-10-01;3018264,7000000000;6039215,0310000000;;10391500,0000000000;;32716514,502392600;;;;;25059000,000000000;;;;;54346666,6666667;;;;;;;;97399666,6666667
1979-01-01;3018811,9210000000;6057481,2453333300;;10493533,3333333000;;32855542,737274500;;;;;25113000,000000000;;;;;54536666,6666667;;;;;;;;98252333,3333333
1979-04-01;3051487,9380000000;6078315,2086666700;;10607533,3333333000;;32919741,152170400;;;;;25159000,000000000;;;;;54713333,3333333;;;;;;;;98371000,0000000
1979-07-01;3067725,4380000000;6110006,7930000000;;10731633,3333333000;;33028397,506202600;;;;;25229000,000000000;;;;;54910000,0000000;;;;;;;;99040666,6666667
1979-10-01;3064100,5240000000;6172310,4636666700;;10835333,3333333000;;33200602,803988500;;;;;25280000,000000000;;;;;55030000,0000000;;;;;;;;99637000,0000000
1980-01-01;3080008,8430000000;6220085,9663333300;;10902933,3333333000;;33333902,339802100;;;;;25250000,000000000;;;;;55060000,0000000;;;;;;;;99862333,3333333
1980-04-01;3084786,4430000000;6263417,9920000000;;10927033,3333333000;;33352045,681488100;;;;;25190000,000000000;;;;;55256666,6666667;;;;;;;;98953333,3333333
1980-07-01;3038427,3590000000;6313621,5740000000;;10988466,6666667000;;33338146,778938700;;;;;25050000,000000000;;;;;55613333,3333333;;;;;;;;98899000,0000000
1980-10-01;3078626,2300000000;6329150,2486666700;;11116533,3333333000;;33346446,937679100;;;;;24855000,000000000;;;;;55513333,3333333;;;;;;;;99498666,6666667
1981-01-01;3089058,2090000000;6369005,4163333300;;11252833,3333333000;;33285396,791418900;;;;;24661000,000000000;;;;;55686666,6666667;;;;;;;;100239000,0000000
1981-04-01;3090233,5370000000;6410222,9646666700;;11345866,6666667000;;33151667,500851300;;;;;24495000,000000000;;;;;55710000,0000000;;;;;;;;100800666,6666670
1981-07-01;3093209,6120000000;6437709,8650000000;;11340733,3333333000;;33009684,458354700;;;;;24355000,000000000;;;;;55870000,0000000;;;;;;;;100482000,0000000
1981-10-01;3087456,1450000000;6425770,4290000000;;11276466,6666667000;;32862873,307943100;;;;;24209000,000000000;;;;;56003333,3333333;;;;;;;;100076666,6666670
1982-01-01;3212047,5350000000;6454051,6093333300;;11167500,0000000000;;32713600,300478900;;;;;24120000,000000000;;;;;56176666,6666667;;;;;;;;99708666,6666667
1982-04-01;3183978,1380000000;6436557,6106666700;;11008333,3333333000;;32576559,565461400;;;;;24027000,000000000;;;;;56290000,0000000;;;;;;;;99745000,0000000
1982-07-01;3185367,0820000000;6412658,4656666700;;10839866,6666667000;;32535845,394523800;;;;;23901000,000000000;;;;;56270000,0000000;;;;;;;;99543333,3333333
1982-10-01;3173366,2160000000;6348203,5240000000;;10775233,3333333000;;32328138,522762000;;;;;23755000,000000000;;;;;56806666,6666667;;;;;;;;99119666,6666667
1983-01-01;3152397,1070000000;6280212,1170000000;;10828600,0000000000;;32116832,819435600;;;;;23651000,000000000;;;;;57193333,3333333;;;;;;;;99143000,0000000
1983-04-01;3165921,2040000000;6256191,8793333300;3419789,5980000000;10962666,6666667000;;32062189,969987200;;;;;23646000,000000000;;;;;57296666,6666667;;;;;;;;99945000,0000000
1983-07-01;3151676,0570000000;6292133,8920000000;3440641,0540000000;11116933,3333333000;;32054062,222300900;;;;;23809000,000000000;;;;;57366666,6666667;;;;;;;;101610666,6666670
1983-10-01;3163356,1780000000;6350307,7040000000;3459263,5180000000;11170133,3333333000;;32076093,573040200;;;;;23995000,000000000;;;;;57450000,0000000;;;;;;;;102588000,0000000
1984-01-01;3221420,8430000000;6406004,1713333300;3466117,4630000000;11191500,0000000000;;32046788,949027400;;;;;24125000,000000000;;;;;57256666,6666667;;;;;;;;103664000,0000000
1984-04-01;3224095,9940000000;6478633,9583333300;3477863,0930000000;11250266,6666667000;;32106405,434051600;;;;;24246000,000000000;;;;;57583333,3333333;;;;;;;;105040000,0000000
1984-07-01;3248980,5220000000;6518821,3716666700;3486195,4410000000;11355433,3333333000;;32160181,043989100;;;;;24335000,000000000;;;;;57813333,3333333;;;;;;;;105362666,6666670
1984-10-01;3246432,2290000000;6546271,5310000000;3497391,1490000000;11402566,6666667000;;32232569,378817000;;;;;24435000,000000000;;;;;57986666,6666667;;;;;;;;105944333,3333330
1985-01-01;3232148,2520000000;6597084,2550000000;3503432,1520000000;11478666,6666667000;;32209641,495995600;;;;;24515000,000000000;;;;;58053333,3333333;;;;;;;;106615333,3333330
1985-04-01;3242672,8910000000;6639256,3486666700;3516733,1400000000;11571300,0000000000;;32281370,208515900;;;;;24570000,000000000;;;;;58036666,6666667;;;;;;;;106791000,0000000
1985-07-01;3219836,9980000000;6728145,1590000000;3513230,5260000000;11681466,6666667000;;32429796,970304100;;;;;24625000,000000000;;;;;58130000,0000000;;;;;;;;107186333,3333330
1985-10-01;3242232,8460000000;6811410,0336666700;3521652,2200000000;11779700,0000000000;;32511392,204664300;;;;;24660000,000000000;;;;;58070000,0000000;;;;1555000;;;;108023333,3333330
1986-01-01;3254356,1440000000;6888783,2850000000;3510371,6500000000;11892000,0000000000;;32492055,206563900;;;;;24670000,000000000;;;;;58440000,0000000;;;;1623000;;;;108734666,6666670
1986-04-01;3277698,0760000000;6980790,2003333300;3508442,9540000000;11974333,3333333000;;32614719,082679700;;;;;24694000,000000000;;;;;58380000,0000000;;;;1621000;;;;109205666,6666670
1986-07-01;3302025,3210000000;6983947,7086666700;3497612,5050000000;12010366,6666667000;;32803159,038120000;;;;;24770000,000000000;;;;;58646666,6666667;;;;1621000;;;;109970000,0000000
1986-10-01;3281015,6190000000;7017131,7873333300;3483933,4410000000;12066100,0000000000;;32900169,330771500;;;;;24850000,000000000;;;;;58676666,6666667;;;;1609000;;;;110492000,0000000
1987-01-01;3279812,6160000000;7051076,8396666700;3488051,3420000000;12136633,3333333000;;32837858,699750200;;;;;24925000,000000000;;;;;58710000,0000000;;;;1627000;;;;111206000,0000000
1987-04-01;3293428,9110000000;7100112,3160000000;3479307,3050000000;12280566,6666667000;;32908735,214439100;;;;;25110000,000000000;;;;;58920000,0000000;;;;1624000;;;;112158000,0000000
1987-07-01;3303548,6300000000;7153056,9826666700;3492837,7300000000;12382600,0000000000;;33033182,295235400;;;;;25345000,000000000;;;;;59220000,0000000;;;;1627000;;;;112866666,6666670
1987-10-01;3311470,8210000000;7186380,3683333300;3483342,2330000000;12529966,6666667000;;33062782,429336200;;;;;25575000,000000000;;;;;59576666,6666667;;;;1617000;;;;113526666,6666670
1988-01-01;3312907,0930000000;7303024,7250000000;3522712,2520000000;12630566,6666667000;;34469754,760450600;;;;;25795000,000000000;;;;;59713333,3333333;;;;1597000;;;;114093333,3333330
1988-04-01;3298899,8160000000;7354342,3456666700;3533301,7830000000;12682466,6666667000;;34562440,490507900;;;;;25970000,000000000;;;;;60063333,3333333;;;;1580000;;;;114623000,0000000
1988-07-01;3301672,1070000000;7412825,0983333300;3541789,3520000000;12716733,3333333000;;34734698,207700000;;;;;26160000,000000000;;;;;60206666,6666667;;;;1557000;;;;115232666,6666670
1988-10-01;3319518,1680000000;7491847,0273333300;3546095,8820000000;12804066,6666667000;;34780160,031736500;;;;;26355000,000000000;;;;;60433333,3333333;;;;1553000;;;;115947333,3333330
1989-01-01;3325082,2420000000;7594032,9946666700;3581628,9210000000;12953600,0000000000;;34819345,282492000;;;;;26590000,000000000;3654157,4830518200;1111826,1785598700;;;60703333,3333333;;;;1533000;;;;116835333,3333330
1989-04-01;3339830,9810000000;7692713,4220000000;3590649,8310000000;12962000,0000000000;;34967268,290804000;;;;;26730000,000000000;3665148,0695248200;1111271,4042458000;;;61166666,6666667;;;;1517000;;;;117204666,6666670
1989-07-01;3357829,2960000000;7764865,1003333300;3623613,0500000000;13006733,3333333000;;35044954,666534800;;;;;26795000,000000000;3676315,9173577000;1110704,5981304100;;;61503333,3333333;;;;1520000;;;;117493666,6666670
1989-10-01;3344539,2060000000;7822103,4210000000;3626312,7980000000;13056166,6666667000;;35290045,311243300;;;;;26880000,000000000;3688378,5300656600;1110197,8190639200;;;61740000,0000000;;;;1525000;;;;117774333,3333330
1990-01-01;3392041,3430000000;7848976,0426666700;3675368,4190000000;13120800,0000000000;;37002600,664975900;2679390,8579041200;;;;26900000,000000000;3701420,0345171800;1159846,7155237000;;;62080000,0000000;;;;1533000;;;;119114333,3333330
1990-04-01;3391884,7090000000;7888689,8213333300;3684221,9460000000;13125866,6666667000;;37224823,672896300;2672702,4874987200;;;;26934000,000000000;3713941,8281124500;1159308,2033702900;;;62350000,0000000;;;;1543000;;;;118995333,3333330
1990-07-01;3415513,5290000000;7870396,3710000000;3678805,0970000000;13101133,3333333000;;37342518,400559700;2668121,5051610400;;;;26900000,000000000;3726583,9266677400;1158572,5202402600;;;62626666,6666667;;;;1536000;;;;118712000,0000000
1990-10-01;3450311,9490000000;7817460,9946666700;3681601,8340000000;12986433,3333333000;;37301670,558223100;2667785,1494361200;;;;26750000,000000000;3734054,2107026300;1158272,5608657500;;;62910000,0000000;;;;1527000;;;;118361000,0000000
1991-01-01;3466447,9660000000;7735635,2926666700;3713554,1260000000;12849500,0000000000;;37183292,777635100;2652965,9317012400;;;;26530000,000000000;3615974,5357868000;1154616,1860608500;;;63300000,0000000;;;;1519000;;;;117782333,3333330
1991-04-01;3460025,9750000000;7682607,2816666700;3721743,2330000000;12872300,0000000000;;36956759,243597100;2646254,7789625600;;;;26276000,000000000;3626264,3871642800;1155625,0990002700;;;63590000,0000000;;;;1513000;;;;117729333,3333330
1991-07-01;3465641,7840000000;7637377,5936666700;3768861,3020000000;12867966,6666667000;;36668939,260639600;2643967,9892308600;;;;26025000,000000000;3637448,4118156000;1156179,0116502700;;;63846666,6666667;;;;1505000;;;;117660000,0000000
1991-10-01;3493436,3760000000;7610007,1156666700;3771675,2220000000;12831466,6666667000;;36674008,718128200;2644811,3001053300;;;;25820000,000000000;3652312,6652333200;1157579,7032886100;;;64006666,6666667;;;;1499000;;;;117678666,6666670
1992-01-01;3527658,8380000000;7638056,7273333300;3755806,5580000000;12768800,0000000000;;36545742,607386300;2654302,9393893000;;;;25710000,000000000;3662227,1080113600;1160719,2125100300;;;64343333,3333333;;;;1508000;;;;117958333,3333330
1992-04-01;3536188,2220000000;7626390,5613333300;3763449,1000000000;12728266,6666667000;;36443898,455099800;2648252,2344727200;;;;25605420,670000000;3676975,5846901200;1162505,8368100900;;;64186666,6666667;;;;1518000;;;;118406666,6666670
1992-07-01;3557067,8380000000;7652380,1916666700;3758867,8030000000;12708766,6666667000;;36320648,524324200;2642412,3573515900;;;;25509004,980000000;3691005,1925837000;1165986,9424441800;;;64280000,0000000;;;;1511000;;;;118753000,0000000
1992-10-01;3548334,8460000000;7604397,0910000000;3761625,6170000000;12713233,3333333000;;36248710,413189700;2643032,4687863900;;;;25335707,760000000;3705792,1147148300;1170788,0082357000;;;64640000,0000000;;;;1518000;;;;118833666,6666670
1993-01-01;3540689,0710000000;7621430,2476666700;3740241,7730000000;12766300,0000000000;;36146972,761208200;2600633,7485175300;;;;25282289,160000000;3696529,4895829500;1172431,2230913800;;;64360000,0000000;;;;1526000;;;;119297333,3333330
1993-04-01;3562258,3920000000;7617144,2740000000;3747145,4230000000;12761566,6666667000;;35993867,024077800;2593363,1893434100;;;;25292830,150000000;3709190,3711842700;1179312,9510771200;;;64423333,3333333;;;;1535000;;;;119959666,6666670
1993-07-01;3575779,1230000000;7649941,7710000000;3742798,1080000000;12812733,3333333000;;35922027,132094200;2576951,8517814800;;;;25315638,580000000;3722955,7323677500;1186127,2390032200;;;64523333,3333333;;;;1552000;;;;120625666,6666670
1993-10-01;3585950,8850000000;7731475,7600000000;3745552,7660000000;12849200,0000000000;;35891133,082619800;2577051,2103575800;;;;25320371,450000000;3735324,4068650300;1194128,5868282800;;;64693333,3333333;;;;1566000;;;;121152000,0000000
1994-01-01;3693706,2750000000;7787897,9566666700;3745619,1360000000;12891500,0000000000;;35896563,790786600;2566487,8678731700;;;;25407613,350000000;3769101,7429002200;1204090,0441776300;;;64530000,0000000;;;;1582000;;;;121994000,0000000
1994-04-01;3702320,4680000000;7846863,6800000000;3751936,9730000000;12998200,0000000000;;35806016,833757500;2558623,8119404000;;;;25451127,300000000;3779349,2467127100;1214429,4051357900;;;64673333,3333333;;;;1599000;;;;122596000,0000000
1994-07-01;3716148,8380000000;7953982,9526666700;3791745,2830000000;13130200,0000000000;;35706417,501708200;2545528,7696084600;;;;25559033,910000000;3789819,6496112900;1226696,8631713700;;;64443333,3333333;;;;1620000;;;;123245000,0000000
1994-10-01;3678582,8180000000;8000939,0350000000;3794549,6460000000;13224600,0000000000;;35615001,873747700;2549359,5505779700;;;;25599890,710000000;3805729,3607757800;1238783,6875152100;;;64500000,0000000;;;;1643000;;;;124449666,6666670
1995-01-01;3737003,2770000000;8083070,7896666700;3786773,4610000000;13274100,0000000000;;35785387,752901900;2582301,2770485700;;;;25670256,670000000;3801355,5201091600;1261990,8277394400;;;64580000,0000000;;;;1662000;;;;124848666,6666670
1995-04-01;3726231,7230000000;8175744,9540000000;3792678,2180000000;13270966,6666667000;;35746649,473144600;2613847,9375120000;;;;25770282,570000000;3814152,7179684800;1275409,5651338900;;;64540000,0000000;;;;1678000;;;;124629333,3333330
1995-07-01;3725843,6620000000;8222883,6043333400;3788861,5740000000;13303200,0000000000;;35770677,145715600;2599301,7672141000;;;;25852195,550000000;3827477,6450480200;1288862,4045259800;;;64680000,0000000;;;;1695000;;;;124933666,6666670
1995-10-01;3710162,7210000000;8263987,0480000000;3791636,2380000000;13339600,0000000000;;35817285,628237900;2596549,0182253200;;;;25982367,100000000;3837014,1168743400;1301737,2026007000;;;64493333,3333333;;;;1709000;;;;125221333,3333330
1996-01-01;3678833,9140000000;8282367,1663333300;3786865,5040000000;13383700,0000000000;;35631740,992972500;2609738,8132430800;;;;25970488,810000000;3861708,6371060800;1310695,0167397900;;;64513333,3333333;;;;1722000;;;;125542000,0000000
1996-04-01;3690395,8030000000;8300873,0730000000;3792389,7940000000;13414200,0000000000;;35660588,058176700;2634193,9942193900;;;;26009334,060000000;3865534,2118169500;1321678,3947516800;;;64753333,3333333;;;;1740000;;;;126280000,0000000
1996-07-01;3669896,2500000000;8301986,9093333300;3788939,7860000000;13437133,3333333000;;35653323,572455900;2620902,7128210900;;;;26061643,270000000;3868406,3287865600;1332513,2008776400;;;65126666,6666667;;;;1754000;;;;127218333,3333330
1996-10-01;3674806,6620000000;8309020,8463333300;3791739,0080000000;13440000,0000000000;;35601347,376394900;2644164,4797164300;;;;26198266,590000000;3876350,8222904100;1347113,3876308800;;;65056666,6666667;;;;1744000;;;;127840333,3333330
1997-01-01;3673746,9750000000;8335977,0086666700;3834928,1450000000;13547933,3333333000;;35451868,476205400;2652333,9874992200;;;;26381144,610000000;3854847,2208168500;1364652,9401765800;;;65506666,6666667;;;;1745000;;;;128495666,6666670
1997-04-01;3686377,6220000000;8333992,6926666700;3840274,6040000000;13632800,0000000000;;35492849,747300200;2684917,4544323000;;;;26513530,310000000;3847118,9335908700;1376223,9066552200;;;65680000,0000000;;;;1754000;;;;129339666,6666670
1997-07-01;3681086,6890000000;8358765,6903333400;3836832,0580000000;13782100,0000000000;;35557572,207808500;2678168,8875033500;;;;26571765,280000000;3847061,4945926100;1375484,9575287500;;;65600000,0000000;;;;1752000;;;;129950333,3333330
1997-10-01;3692013,3930000000;8423169,1976666700;3839590,4080000000;13855833,3333333000;;35529709,568685800;2699579,6705651300;;;;26635966,370000000;3866972,3509996800;1488338,1956394500;;;65490000,0000000;;;;1750000;;;;130503666,6666670
1998-01-01;3687849,1870000000;8449728,2830000000;;13909566,6666667000;;35911981,149060300;2685786,8857016800;;2189464,5415900400;;26676556,540000000;3972691,3415638400;1486109,8431710200;;20344550,450837900;65476666,6666667;;7390569,6600000000;;1745000;4809503,9277542400;;;130782333,3333330
1998-04-01;3684969,0040000000;8493956,9293333400;;13992233,3333333000;3832500,0000000000;36137018,947173600;2687168,8839072200;;2163028,3568419000;;26714031,490000000;4008463,8158984500;1502498,3263575600;;20391447,116942600;65240000,0000000;;7393911,4510000000;;1738000;4852777,7696546000;;;131259333,3333330
1998-07-01;3684839,9330000000;8541601,6526666700;;14102066,6666667000;;35984001,719708300;2682620,3823197000;;2221713,9654658200;;26833563,120000000;4042055,6230179100;1537004,6007294400;;20472318,269906600;65026666,6666667;;7402037,4860000000;;1737000;4850691,6548387800;;;131568333,3333330
1998-10-01;3700048,2890000000;8578114,4020000000;;14186100,0000000000;;36211998,184057700;2708423,8480714100;;2239493,1361022400;;26955075,720000000;4048389,2195198000;1557687,2297419700;;20532484,162312900;64816666,6666667;;7422470,6340000000;;1734000;4879526,6477523900;;;132293666,6666670
1999-01-01;3702308,5329278800;8600334,1713333400;4001623,9793154300;14271766,6666667000;;35987233,162676000;2701236,5163202800;14400928,999547400;2269779,1608342600;;27035943,860000000;4059905,0823272000;1573267,3076269400;;20599497,875948300;64636666,6666667;;7602667,7910000000;;1752000;4897452,7481979600;;;132943333,3333330
1999-04-01;3683060,8329449000;8631761,4723333300;3996353,3343352400;14347433,3333333000;3861400,0000000000;35935472,509995800;2701702,4182315700;14599586,650425800;2308665,4481272400;;27095401,200000000;4019606,4427091100;1603584,3300493800;;20658124,020088800;64583333,3333333;;7588085,7710000000;;1758000;4909601,4037092100;;;133214666,6666670
1999-07-01;3693335,9339543500;8689788,1273333300;4018567,0127374000;14452433,3333333000;;36112512,140943400;2711262,8474770800;14781486,228884800;2299631,4726521500;;27217967,950000000;4019300,8716449800;1630485,2672273800;;20725102,223353100;64643333,3333333;;7601916,5870000000;;1766000;4938919,0599364900;;;133570666,6666670
1999-10-01;3690994,7001728600;8759884,4480000000;4011655,6736119200;14558466,6666667000;;36133782,186384700;2684798,2179710700;14977298,121142000;2305723,9183863500;;27322283,060000000;4026587,6033187100;1650463,0950963000;;20783675,880609800;64610000,0000000;;7623309,9260000000;;1786000;4955826,7881563400;;;134275000,0000000
2000-01-01;3709986,6405836800;8787957,4806666700;4058392,0175466300;14674133,3333333000;;36107512,390483300;2700639,3850066100;15199864,233670700;2302588,4292200500;;27361930,700000000;4045898,9924704600;1669596,0095135200;;20830148,014492800;64313333,3333333;;7759726,9280575900;2245378,2694981500;1784000;4996620,2553711300;;21440179,704651800;136619333,3333330
2000-04-01;3706071,5324841600;8884605,2903333300;4129407,9871770700;14735300,0000000000;3878800,0000000000;36162284,697658000;2709794,6990999400;15412515,050508700;2338328,4563511300;;27468086,490000000;4070214,7606324100;1685989,3465820900;;21001772,659635600;64396666,6666667;;7847589,3889602300;2260431,3750930700;1784000;5019357,5380224500;;21663363,218914400;136946666,6666670
2000-07-01;3708752,0524638100;8988712,8566666700;4115025,8648129700;14777633,3333333000;;36264282,723295600;2712942,3353459500;15612253,612085900;2349427,5103198400;;27555105,460000000;4103957,0689092100;1699263,3420918500;;21152682,220750600;64423333,3333333;;7906258,0813681100;2258336,0440384100;1806000;5060940,2683335200;;21547186,773327200;136695333,3333330
2000-10-01;3727289,7744683600;8936303,7926666700;4067874,1304633300;14875566,6666667000;;36407920,188563000;2729423,5805475000;15798967,103734700;2351355,6041089800;;27548559,160000000;4133829,1779879200;1714051,3018125300;;21334297,105121000;64700000,0000000;;7967425,6016140700;2255854,3113703700;1822000;5087681,9382729000;;21495259,858198900;137341333,3333330
2001-01-01;3725533,3106691100;8957237,7326666700;4074774,3676289700;14889000,0000000000;;36357853,567253900;2725301,6768216000;15949372,636004400;2355176,9651724000;;27623322,900000000;4226899,1511463400;1727528,5539271000;;21422599,421223600;64573333,3333333;;8023280,3686443800;2259935,4444434100;1824000;5111146,2936964900;4307311,0612176500;21728639,723416300;137724333,3333330
2001-04-01;3739649,7587030800;9009093,3873333400;4048478,0791933000;14930333,3333333000;3937000,0000000000;36405904,536462200;2722705,1070016800;16047456,486734300;2371487,7808074500;;27706573,330000000;4192966,1928445400;1737840,0285623900;;21439526,556336400;64173333,3333333;;8057041,0917421700;2265025,6411451700;1841000;5116515,3720900600;4317291,9082847400;21584603,383810200;137088000,0000000
2001-07-01;3726458,8735808900;9032588,9443333400;4074950,0114487300;14955866,6666667000;;36319199,078440600;2745581,8717922000;16223672,187672200;2363017,6002267800;;27715409,390000000;4206762,7291583600;1754628,8142423500;;21573833,941161200;63886666,6666667;;8078259,0239613100;2264996,7526355200;1845000;5127880,1230534400;4321042,2815192700;21779058,032951700;136719333,3333330
2001-10-01;3752658,0570469100;9062622,3116666700;4024397,5417290000;14977600,0000000000;;36302042,817843300;2755711,3443845200;16364498,689589200;2378517,6537933700;;27802935,350000000;4182071,9268507600;1761502,6032681600;;21621740,081278800;63853333,3333333;;8116019,5156521400;2271142,1617759000;1868000;5157258,2111600000;4326754,7489783400;21015599,299346900;136225666,6666670
2002-01-01;3693422,8758886200;9114987,0833333300;4058035,7253713000;15057100,0000000000;;36173252,861662600;2718650,9144368400;16568182,635962100;2371855,4589502200;;27796731,510000000;4209230,1686121000;1767030,8173665300;;21766820,514055000;63626666,6666667;;8128977,5950436400;2277451,2818402000;1893000;5152841,4129825600;4327353,1618863000;20875423,854830900;136105333,3333330
2002-04-01;3707287,9514193000;9138453,7956666600;4063127,8671954800;15222200,0000000000;3964700,0000000000;36134638,367623400;2740717,4583505800;16735866,817949700;2374724,6165955900;;27932867,620000000;4255588,9170353900;1776114,3324821200;;21782849,337827600;63180000,0000000;;8183634,5279059400;2282809,0158053000;1905000;5159765,5045545300;4324246,4886469100;21382557,531053300;136360000,0000000
2002-07-01;3713171,9051563600;9205539,2160000000;4088495,8288474900;15385433,3333333000;;36004970,968904400;2719670,3460494400;16848487,140166000;2372151,4602817100;;27934872,890000000;4282355,8703102300;1779443,8413489500;;21871612,160311500;63233333,3333333;;8185355,0731607200;2276771,4778579300;1903000;5156037,0457399900;4318071,7634209300;21614657,196884800;136806666,6666670
2002-10-01;3735417,2675357200;9282504,9820000000;4069740,5785857400;15473200,0000000000;;35933137,801809600;2714961,2811631300;17007863,405922200;2370468,4641724800;;28109759,110000000;4312525,0440422800;1785411,0088024100;;21895717,987806000;63200000,0000000;;8173932,8038896900;2264968,2244965800;1918000;5106656,0367229300;4325928,5860458500;21936215,996531400;136651666,6666670
2003-01-01;3769321,4501170300;9381986,3876666700;4040532,3701617400;15579200,0000000000;;35729582,339930900;2708242,0896024200;17183914,861884800;2375173,6741364600;24758737,512184400;28099358,670000000;4340844,4391529400;1793862,0553224300;154105,03965440600;21974332,928767900;63106666,6666667;;8139119,6857451800;2265154,7905074800;1926000;5104087,6519470900;4322709,4824904700;21730875,200834300;137444333,3333330
2003-04-01;3792475,5560747700;9361671,6643333400;4065771,6103804300;15600666,6666667000;3962800,0000000000;35765834,387554900;2703789,3179857200;17392250,594652800;2369939,8373416900;24672659,982054800;28226348,930000000;4342832,8625636400;1806565,4929795600;155271,66311980900;22041236,723298200;63216666,6666667;;8123741,9079169000;2255831,7314552500;1942000;5091749,9538977200;4327775,3835066100;21182458,978952700;137655666,6666670
2003-07-01;3800703,5779046000;9383810,7136666600;4059664,0846828800;15660400,0000000000;;35727599,102577000;2710119,5770845900;17572297,673967500;2363386,2682952000;24713972,471201400;28255599,770000000;4361427,1150218100;1813358,9146771600;157469,94623106300;22116038,894562900;63176666,6666667;;8122396,7234956000;2254252,3813760400;1971000;5089938,4216142200;4306022,4113461900;21260562,406167600;137544000,0000000
2003-10-01;3810999,4159036000;9440621,3910000000;4115531,9347749500;15776433,3333333000;;35790984,169937200;2707449,0153272600;17753936,869494900;2351100,2202266500;24674030,034559400;28304348,160000000;4367895,5832616200;1828413,5370208500;153153,35099472200;22085291,453371000;63166666,6666667;;8100441,6828423300;2255261,0966612300;1973000;5087923,9725409800;4301092,7226567400;21019221,185001600;138273000,0000000
2004-01-01;3645676,4900944000;9475070,4756666600;4123671,3494499000;15833433,3333333000;;35679034,201188700;2723029,9481635200;17865319,916917200;2354912,4642252500;24691914,131887400;28459457,070000000;4365714,5296619700;1843769,9214395700;154423,03069535000;22230848,456093700;63263333,3333333;;8122953,6629822400;2258561,4690804600;1991000;5075122,1075203600;4295393,0976699700;21316521,902634800;138489000,0000000
2004-04-01;3670735,9011227300;9520796,9133333300;4156247,0234787600;15905633,3333333000;3959100,0000000000;35881729,748041800;2740548,4414525100;17987872,894537500;2354311,7426869900;24783319,630775800;28470351,940000000;4389358,4984136500;1850422,0403461100;154247,87696298800;22348161,359876000;63310000,0000000;;8123905,2752399200;2265814,2737696200;2006000;5064172,8598950500;4283785,4584403600;21672932,398881300;138902000,0000000
2004-07-01;3687313,6524780900;9554674,3966666700;4126601,1068697000;15948966,6666667000;;35891733,591136500;2751974,8468752600;18211566,840720000;2374559,5660134500;24875393,287580900;28518043,810000000;4394102,7390311200;1871443,4748900600;154403,05632753800;22402355,465466000;63340000,0000000;;8094284,1872878800;2269646,3393666600;2030000;5051420,4178006600;4290286,2591186600;21812835,018964700;139538666,6666670
2004-10-01;3702273,9563047900;9673429,0503333400;4149380,5202016300;16002366,6666667000;;36050502,459633100;2737246,7635087100;18504240,347825400;2374716,2270743100;24881472,949755900;28673352,000000000;4408924,2328932600;1894064,5633242600;156626,03601412500;22469334,718564300;63253333,3333333;;8082156,8744899600;2271977,9177832600;2064000;5058684,6147839300;4290735,1847710100;22013121,574001100;140029333,3333330
2005-01-01;3719382,9020469300;9778089,3053333300;4229559,8085479400;16043766,6666667000;;36384258,074186200;2744333,4747542000;18839771,309417700;2389632,3587532000;24962614,511135000;28788561,420000000;4424305,0526925500;1913990,5118313400;158299,81201438500;22404849,598026300;63380000,0000000;;7814080,1617757700;2274553,7217829500;2061000;5045008,0180443400;4294920,3702385500;;140428000,0000000
2005-04-01;3731321,9106471700;9859707,4026666600;4225785,7751172500;16083133,3333333000;3974300,0000000000;36272882,557744200;2745269,6216217800;19127271,243282200;2394495,7008414900;25021920,389935800;28802170,420000000;4434872,9323816000;1941902,5122896400;159859,84187040900;22382716,004721500;63550000,0000000;;7845936,7542991100;2273831,2590824700;2071000;5048148,7874739400;4332258,8105495400;;141525666,6666670
2005-07-01;3763965,2440023500;9924138,7473333300;4233583,2247559800;16162466,6666667000;;36361799,143947700;2746451,4348501700;19336690,215257900;2397215,8888853400;24988932,214270600;28928284,120000000;4441586,1272505500;1966805,9866847600;158941,97372218700;22343032,394908500;63750000,0000000;;7816084,4303335200;2285651,6361058500;2098000;5041918,6802819200;4340606,1644153100;;142287000,0000000
2005-10-01;3775229,9433035400;9944764,7080000000;4252671,1915788300;16222000,0000000000;;36427560,224121900;2773345,4687738500;19524267,232042300;2422056,0515199800;24963132,884658600;28879946,900000000;4473235,8876752900;1985300,9891942600;162298,37239301900;22497402,002343600;63583333,3333333;;7849698,6535916000;2296563,3830287300;2099000;5054224,5141998000;4377914,6547966100;;142599666,6666670
2006-01-01;3788139,8105428500;9993862,2233333300;4219220,5688438200;16255966,6666667000;;36865954,599276800;2785590,4253135400;19693358,046899000;2432670,8367082300;25015484,234818500;29048141,950000000;4503071,0247872400;2013080,6838233300;165130,80453646400;22697877,267085900;63753333,3333333;;7885528,3919253200;2324339,2158017600;2120000;5073536,8610032600;4386862,2660890200;20027510,220794400;143449333,3333330
2006-04-01;3815407,7319461000;10073137,5866667000;4230352,3493387800;16380000,0000000000;4051100,0000000000;37128053,686959100;2796014,5374985100;19856476,164367800;2428422,7780309900;25056105,840476400;29105642,540000000;4512244,1544537200;2030673,0858260100;167480,00963719200;22798002,744466300;63730000,0000000;;7922449,4794495500;2339261,7438807500;2140000;5090226,8884854000;4407235,8108511500;20325310,759354400;144067666,6666670
2006-07-01;3847666,8903040900;10187703,5133333000;4267790,5339120800;16411466,6666667000;;37270394,192486200;2818907,8687101200;19996330,291953600;2449868,8665569800;25213645,933275600;29183471,470000000;4551737,3970048400;2054379,6465840400;168431,12935823100;22733217,894049500;63970000,0000000;;7970863,7880282900;2363868,8351246000;2133000;5086565,8887712400;4453342,3450158700;20520332,926705600;144547333,3333330
2006-10-01;3852785,5672069600;10235424,1366667000;4338536,5479053100;16467533,3333333000;;37424797,521277900;2821087,1684778200;20210235,496779600;2462937,5187038100;25315263,991429500;29214246,830000000;4542947,4237542100;2076866,5837666200;170258,05646811300;22801202,094398300;64126666,6666667;;8047158,3405968400;2384530,2051928900;2133000;5065970,3617401000;4470259,5780439500;20859846,093145700;145606000,0000000
2007-01-01;3888342,1870801800;10306570,6400000000;4359872,5134567400;16603566,6666667000;;37635719,381663900;2820015,4309901900;20393886,629788800;2467162,3674867300;25378496,295584000;29193979,340000000;4541782,1480312000;2197328,2061450500;174510,90800607400;22749272,242203000;64066666,6666667;202575,62094942600;8096174,7205408900;2397659,5187037300;2158000;5079104,5915999400;4503414,4427359200;20780188,590690800;146135000,0000000
2007-04-01;3900658,8713103100;10397186,2700000000;4359292,9598354200;16648866,6666667000;4121700,0000000000;37935863,865469900;2812054,6557334300;20544493,419594500;2487782,7328616800;25505511,808010200;29322143,190000000;4554278,4020098400;2218939,9652368700;175147,07747783500;22822735,411817700;64403333,3333333;199403,02503943200;8171732,6241939200;2419572,1081997600;2169000;5071948,6810268700;4522397,4379792000;20748642,511931400;145850666,6666670
2007-07-01;3949717,1958578200;10481518,3733333000;4377403,7785986600;16767800,0000000000;;38191789,881287400;2793777,5953937000;20648276,550072100;2499329,8129624000;25652976,266016000;29419618,560000000;4574865,2285372700;2231226,3681683400;175783,01655993900;22989586,274998900;64266666,6666667;204079,70175263100;8213442,8238792300;2442582,5170211800;2165000;5104582,2340406700;4562105,7940226900;20811457,530849200;145943666,6666670
2007-10-01;3955681,7457516800;10548802,4900000000;4424530,7481091800;16860533,3333333000;;38191226,871578800;2788952,3178826700;20733143,400544600;2512225,0866891900;25809915,630389800;29575856,490000000;4585274,2214216900;2238005,4604497400;176758,99795615300;23016006,070980400;64390000,0000000;205641,65225851200;8265249,8313859600;2476785,8560753300;2179000;5114464,4933325200;4574782,3252621900;20658911,366528700;146271333,3333330
2008-01-01;3981479,7284917200;10643510,4500000000;4462082,7172828300;16924600,0000000000;;38356148,963554800;2791692,8470684000;20758987,925504100;2525745,8639949300;25884059,434275600;29683561,400000000;4605067,1109737300;2235778,7583044400;176887,70629678500;23098265,793198400;64143333,3333333;198812,72410372700;8310510,6515387000;2496705,1651804800;2182000;5130110,8214475300;4598605,7865929400;20975042,599317300;146206666,6666670
2008-04-01;4001376,9109649300;10707172,9900000000;4428192,7129965300;16944033,3333333000;4228700,0000000000;38265685,997293400;2819470,5823328100;20609984,732179600;2533431,7076410600;25932280,336410000;29721697,310000000;4619344,0338004900;2219621,9446833200;178709,82968366400;23138792,682919000;64263333,3333333;207108,15934925700;8375718,3527145600;2516262,2242099300;2180000;5138325,6641767100;4604308,6416440600;21291808,281189200;145925666,6666670
2008-07-01;3993348,3766337500;10774141,1866667000;4457659,2744087800;16964133,3333333000;;38798348,058014200;2809540,4227160800;20443410,689178200;2526606,1364378800;25930140,062528400;29580175,110000000;4609520,7415940600;2191006,5606323900;177791,67672529400;23122177,554907700;63996666,6666667;202764,23859627600;8395431,8127166200;2524744,5633694000;2181000;5106223,2341380100;4596435,7916208300;21338118,489000300;145270333,3333330
2008-10-01;4000194,9839096000;10785376,7566667000;4435465,2953118700;16976833,3333333000;;38745516,981137600;2804196,1478827200;20066316,653138100;2537816,2919261200;25959220,166786000;29528328,850000000;4607968,1136317100;2149792,7363798500;174810,78729425800;23002163,968974900;63990000,0000000;200814,87795073900;8429839,1830301300;2516988,0472401800;2194000;5091840,2802377600;4572449,7801421600;21167230,630493300;144090333,3333330
2009-01-01;3983224,9419534000;10788141,3733333000;4431349,1802795300;16749866,6666667000;;38540451,873312400;2764193,0810622100;19425654,867031100;2498315,0163634000;25782898,686028300;29366018,250000000;4585093,6641638300;2067769,0026245500;168640,30597821700;22839742,324015900;63653333,3333333;214728,85341896500;8442071,2106312500;2506714,9723308600;2154000;5029653,6959094400;4536510,2612506400;20833696,809380100;141499666,6666670
2009-04-01;3979356,4798558200;10773944,3600000000;4408175,4692533100;16648700,0000000000;4267900,0000000000;38427403,906226800;2729129,8190963100;19118846,958679400;2455772,8245105500;25714709,193956900;29087482,070000000;4568892,5425477400;2027889,3433209800;164452,36560959400;22762493,061252000;63090000,0000000;217705,76574958300;8403578,5568882700;2508332,9744320500;2155000;4983380,6250015100;4506273,7136807400;20959157,179258000;140304333,3333330
2009-07-01;3975353,1788521600;10799660,3166667000;4409259,1180438800;16648033,3333333000;;38154939,523899700;2712605,4475738700;18987805,348813000;2438858,3177648300;25622035,727051400;29069187,590000000;4551223,2739889600;1993140,8524553300;165697,69229233700;22646148,035830100;62990000,0000000;217794,94998506900;8371222,5866832200;2489171,2501528900;2135000;4929939,0229928800;4476072,9909022400;21439040,529027900;139403666,6666670
2009-10-01;3990865,3993386100;10852341,2033333000;4434016,2324232900;16714800,0000000000;;38761704,696561100;2669571,6522676200;18895392,825476500;2436153,8413612100;25577756,392963400;29101654,140000000;4518690,5192994600;1971800,8015991400;166209,63611985200;22546516,578902000;62876666,6666667;218470,43084638300;8316627,6457972700;2493480,8030842100;2137000;4931626,6560961700;4478443,0341663800;21851005,482334000;138368000,0000000
2010-01-01;3997114,6813922100;10926451,0600000000;4484856,0367935100;16779233,3333333000;4178507,0065783200;37883160,265739400;2658271,9593618500;18801821,545950000;2439050,5650285800;25700388,388035400;29012557,190000000;4484409,1086361600;1948720,6107380900;167038,93819371900;22534256,598172000;63016666,6666667;219188,88670201800;8283897,3447565100;2490678,8306795100;2144000;4946244,9120707900;4480919,0602237600;22238246,187709100;138590000,0000000
2010-04-01;4006875,3818494700;10956291,6666667000;4453448,4584525300;16909100,0000000000;4199801,0927871300;37950686,231469000;2660049,7229101800;18713663,529776500;2444096,4907012400;25724481,913032500;29191922,660000000;4422784,2091281300;1931633,9586105300;166029,56580981500;22532157,606022800;62836666,6666667;218517,52464589900;8292996,9136816400;2500357,7806716400;2148000;4897028,0302638400;4510364,6007189200;22516322,141619300;139226333,3333330
2010-07-01;4022599,5750045600;11056009,1700000000;4483355,3551484800;16964400,0000000000;4214748,4531324800;38010730,658697200;2663150,7611091200;18705613,786593900;2452397,8653202900;25762971,608757500;29385322,430000000;4362861,4115700700;1921343,1201016000;164421,16455086600;22468928,656950800;63083333,3333333;221469,20972476000;8283786,2841448300;2499610,1867060300;2166000;4878719,3920102500;4540658,4527500400;22611182,983130600;139337666,6666670
2010-10-01;4040210,3617537600;11145052,7666667000;4533140,1496054800;17000366,6666667000;4237343,4475020700;38129022,844094300;2664027,5566188500;18676701,137679600;2454455,0789498900;25735858,090174600;29324410,560000000;4289045,2706656400;1900502,3105497800;165510,33144560000;22572057,138854400;63000000,0000000;224124,37892732300;8298019,4574170400;2512453,2019428200;2158000;4871807,6656551300;4562857,8863072800;23004948,687541100;139154666,6666670
2011-01-01;4039359,0686241500;11195582,3700000000;4469728,6288771600;17106966,6666667000;4272213,9544153500;38448777,510542900;2658092,0418225800;18586446,791524100;2460297,8161915500;25715397,991470500;29441076,070000000;4200013,1293403700;1894976,3274624600;164988,83396723700;22652727,738960100;63116666,6666667;227227,67714966400;8272792,6200904300;2514997,5497315700;2177000;4802039,7987734200;4604224,9959677200;23774414,595243900;139427666,6666670
2011-04-01;4047672,9916816600;11187048,0966667000;4552517,3826304700;17157766,6666667000;4298225,6305663200;38778154,632384500;2666448,1338661500;18580293,262114100;2475081,1298438900;25774883,972037300;29446562,510000000;4110993,5044759500;1894021,8605597800;167019,69212554100;22595468,056100600;62846666,6666667;221097,75252758400;8278834,6463585200;2520019,5715820000;2186000;4775498,6018307800;4621265,2919829300;23884913,717701400;139531333,3333330
2011-07-01;4067014,4676816500;11225374,9400000000;4485114,9398262800;17223700,0000000000;4289171,5571608400;38849366,046090900;2667181,2423799000;18367809,040433600;2474966,6616462100;25769381,553217700;29280635,580000000;4008330,9494154700;1879683,4417511200;166297,94641872800;22567999,282654300;62833333,3333333;224774,27732866800;8288776,5319557700;2544823,3128847700;2188000;4732480,8391233400;4635035,4247888800;24329036,064019400;139883000,0000000
2011-10-01;4055653,4720125400;11243879,8233333000;4529839,0486660900;17212000,0000000000;4332588,8578574900;39072401,810981700;2646378,5819313700;18151150,905928200;2484254,3923183500;25777636,483274600;29342014,970000000;3898162,4167682100;1885118,3702266400;165593,52748849500;22576804,922285000;62933333,3333333;225800,29299408400;8325296,2015952700;2562259,5658016500;2189000;4650380,7602724600;4643074,2872604800;24408935,623035300;140698666,6666670
2012-01-01;4075119,3628063100;11301428,9700000000;4518880,3470858200;17224733,3333333000;4335203,2592025700;38924303,844695000;2646464,0878391800;17927836,801539800;2486291,6956869800;25723204,006175500;29453641,880000000;3816568,0924894200;1877874,0465772100;166100,20107922200;22609155,411581800;62770000,0000000;231736,72371348000;8329854,2856875900;2575130,6762555500;2191000;4625208,3142017100;4647400,6287404600;24287787,612836800;141826000,0000000
2012-04-01;4084801,6000525700;11342026,7400000000;4532455,4858847500;17366333,3333333000;4346290,6851127200;39085544,175066100;2643357,5252550100;17716380,603435900;2483146,3456048800;25811366,298109600;29666915,540000000;3717893,0247075200;1874319,3610778300;168659,43479032600;22626380,128043700;62733333,3333333;234794,59562979400;8353967,3187513400;2587572,9450376600;2194000;4579630,0523179200;4654557,7621001100;24714006,956994800;142165333,3333330
2012-07-01;4082656,8222041600;11367499,9433333000;4531611,8566500500;17407633,3333333000;4366848,6881695200;39269747,764925400;2635065,2882656500;17552512,478993100;2488843,7424735900;25833077,076505300;29758629,560000000;3644225,2318336800;1880435,6384504900;167897,83848753800;22559121,815751700;62820000,0000000;238359,21708514200;8351262,0891109600;2589231,0197421900;2184000;4528731,1331500700;4660163,4465907800;24874165,843950900;142542333,3333330
2012-10-01;4095522,2149369600;11390012,3633333000;4512652,3103793800;17465200,0000000000;4357257,3675151900;39226304,215313500;2654413,0986401600;17333970,116031200;2474618,2162345500;25850352,619209600;29907774,230000000;3601213,6509693800;1889270,9538944700;168842,52564291500;22469242,644622800;62850000,0000000;239409,46357158500;8345316,3064501200;2589765,3589646100;2189000;4453930,5003303000;4666378,1625686400;25401239,586217400;143364666,6666670
2013-01-01;4090459,3434682100;11452833,3766667000;4504781,9399053200;17523400,0000000000;4370652,8015023400;39314154,353195900;2645015,8607715100;17192422,148016900;2461702,6329838200;25684613,142632400;29839224,150000000;3544743,3151807300;1909710,6735411300;169939,86252925800;22304630,378634500;63036666,6666667;239607,68146202700;8316991,4573736500;2593803,7225880900;2193000;4406208,4958094900;4680594,8017883000;25433843,867488500;143323333,3333330
2013-04-01;4111004,0279678100;11466112,4966667000;4556514,9442756900;17573000,0000000000;4382641,5701552500;39647296,690451500;2635151,7979555800;17118511,980467200;2466451,6790158100;25774250,124716500;29938306,650000000;3523314,2003187600;1929930,3352344400;171829,23907613400;22154773,072427000;63180000,0000000;237362,21518992700;8304057,9836090100;2594408,8989528100;2205000;4412258,9643566000;4695272,4875654300;25524386,708165100;143838666,6666670
2013-07-01;4114619,8843242400;11465551,9700000000;4553515,6454387300;17600400,0000000000;4393931,3069574600;39566366,697092700;2634271,7769876200;17117123,088356800;2450415,9325040100;25854285,995800600;30106409,860000000;3498319,3283974100;1948984,4350024900;174829,34753428000;22133783,788154000;63246666,6666667;237965,23914468600;8264703,4763540400;2606244,4617733900;2239000;4428838,7578250100;4712657,9333092800;25528748,059900100;144336000,0000000
2013-10-01;4102816,7442397400;11444872,6966667000;4506387,4703802600;17616466,6666667000;4424574,3213849500;39597682,259259900;2630560,5642852800;17127942,783159200;2448229,7554963600;25827750,736850600;30290440,550000000;3486423,1561031100;1962474,5562219400;176301,55086032800;22168912,760784500;63590000,0000000;239764,86420336000;8254947,0826633000;2611742,9166857200;2258000;4470393,7820089000;4729474,7773369800;25592021,364446300;144264666,6666670
2014-01-01;4106478,9321099800;11485203,8633333000;4523179,2791434800;17634933,3333333000;4413285,5898477800;39690572,339165600;2638116,3701229100;17117997,316985300;2446298,1871752400;26377635,606873700;30531952,870000000;3534468,8772459800;1969486,8793888300;174659,70946164400;22210778,704772200;63513333,3333333;245060,68551635800;8209046,0200526100;2611123,3748177000;2281000;4469743,2027304300;4737166,2027629900;25817470,787787300;145310666,6666670
2014-04-01;4118403,9002222700;11528374,9033333000;4552857,2973234000;17627066,6666667000;4458015,4189487900;39872095,536581700;2662161,1195097300;17309512,833397200;2452408,2678460500;26399376,228436900;30704673,220000000;3526538,7306032000;1976990,0417877100;176491,47477142600;22232667,126110000;63710000,0000000;245446,40052493500;8224275,0230484000;2623975,0349823600;2290000;4502981,4268464400;4759458,4080539200;25939833,739195900;145913000,0000000
2014-07-01;4108587,0027865800;11549476,3466667000;4543495,1892050100;17685900,0000000000;4467997,1475083000;39942715,710333200;2668130,1023260000;17389925,092326700;2447882,8913850700;26348779,354738200;30833160,670000000;3540597,2803992700;1994439,9941026700;179138,53082594600;22307079,448680400;63763333,3333333;241277,05647755400;8237061,1873102300;2625464,7379558500;2315000;4526646,9981628200;4802693,9650015700;25908424,898722600;146569000,0000000
2014-10-01;4117230,1648811700;11560395,8533333000;4554568,2343281100;17730333,3333333000;4536801,8436951300;39979916,413919500;2687192,4080413700;17559364,757290800;2442210,6535936500;26380108,809951200;30944018,630000000;3543395,1117515500;2014283,0847207900;180110,28494098400;22365174,720437400;63860000,0000000;250715,85748115300;8273817,7695887500;2645836,8522440800;2346000;4498628,3722603200;4789181,4241815200;26057170,574294200;147482000,0000000
2015-01-01;4125801,3389492800;11655146,9233333000;4575704,0500674800;17754400,0000000000;4535026,3439430200;40113406,705406200;2693117,1681628100;17631453,740580900;2441277,4725283200;26358720,999710900;31155670,350000000;3562454,8323058100;2030664,4749875100;182033,73347333800;22385533,437830000;63920000,0000000;257461,85876867300;8287943,9988977000;2636045,7780318900;2364000;4521089,0869215800;4810259,9213914700;26340662,083750600;148106000,0000000
2015-04-01;4128523,0904668000;11720614,0400000000;4528240,7319197500;17772833,3333333000;4528238,8803430400;40102810,011388500;2708785,9535710200;17821190,601597500;2428270,8786182900;26412636,477404200;31110493,920000000;3610067,2937437300;2050906,9408105600;184040,01114616400;22390598,222895000;63916666,6666667;261140,85693606400;8321880,5308446000;2642974,1314194400;2366000;4571287,9069612300;4818073,5433712700;26492070,888275500;148714666,6666670
2015-07-01;4162673,7836851300;11775035,6833333000;4556655,4952224900;17833200,0000000000;4524621,2636938800;40142039,878709800;2706369,9965836000;17930269,248241200;2442222,3363333000;26506018,389843700;31332858,900000000;3619168,6353383900;2066608,4114316700;182754,18130583000;22525539,684437300;64050000,0000000;255166,04562162300;8325529,3512506800;2641094,5143863400;2357000;4536330,6217021400;4853768,9356566900;26759769,653519600;148945666,6666670
2015-10-01;4176101,7868987900;11885921,5133333000;4545899,7227902800;17827900,0000000000;4565613,5120200600;40485243,404495600;2727826,8816825700;18081286,409580400;2435429,3125200800;26491424,133041200;31539689,690000000;3651209,2386120700;2081220,1727702600;185672,07407466800;22557328,654837700;64190000,0000000;256031,23867364000;8339446,1190070100;2643885,5761623400;2387000;4566092,3844150500;4865297,5995805700;26881497,374454300;149612333,3333330
2016-01-01;4199107,0940545100;11921389,3300000000;4550040,6863031400;17835133,3333333000;4593220,6867104800;41168084,153162000;2731922,5622222800;18213636,779102500;2445273,3144299400;26488091,364237200;31572302,100000000;3663704,5564499000;2102178,3565527400;186852,44244094900;22622125,845436400;64376666,6666667;258768,60304812900;8357459,8766505200;2646970,9657640500;2418000;4554056,7250837800;4877863,1086216300;27179212,798921200;150936666,6666670
2016-04-01;4211969,9854304600;11955476,2133333000;4566388,7462754200;17879366,6666667000;4591345,5284427500;41122983,769891300;2765437,4498942600;18253864,353458600;2443556,1087539800;26619695,062520900;31746712,630000000;3672996,3880846200;2125711,1035301400;189588,66349935900;22790031,462002800;64490000,0000000;258713,86843727700;8409575,1809828200;2630490,7418893100;2479000;4592660,0946454700;4908797,1733730700;27312865,464589400;151143000,0000000
2016-07-01;4233583,2863968500;11977965,2000000000;4568122,1674352400;17922133,3333333000;4598063,4171386000;41332318,384581600;2769699,8500377000;18405245,679313100;2455878,6296342900;26654601,664111200;31810383,760000000;3682334,9732248600;2144006,3730206500;191583,10785536000;22785176,253430900;64826666,6666667;260056,83007802200;8444773,0592147300;2641832,4626365400;2504000;4628796,6535378200;4910293,5361432900;27093960,950367500;151698000,0000000
2016-10-01;4236339,6341181800;12008869,2000000000;4662348,3999862100;18026666,6666667000;4635070,3677081700;41445913,692365200;2774040,1378457600;18493553,188125800;2447791,9471817900;26558411,909130700;31845113,810000000;3675064,0822406200;2157004,1668964700;193875,78620433200;22834066,439129800;64916666,6666667;264460,69843657200;8496391,8831519300;2633305,8297101000;2530000;4645586,5267329300;4942646,1818620200;27276460,786122000;151968000,0000000
2017-01-01;4239208,5795447600;12070249,2133333000;4588164,4654656700;18147900,0000000000;4627779,9257426400;41436869,391690100;2770199,8955492700;18631147,513398600;2455514,2303108800;26548052,131899500;31946014,650000000;3720514,4197790000;2168952,9535960200;193857,85322296600;22950659,081189500;64910000,0000000;269673,23435562000;8536315,9978406900;2637178,7870614500;2560000;4694598,9356811000;4990028,7197129800;27691941,804464400;152538000,0000000
2017-04-01;4258567,5179410800;12202108,3366667000;4623985,2568237900;18228866,6666667000;4633133,4718631300;41566316,279810200;2788875,0905336600;18763968,544143500;2461611,5364953900;26875375,234830500;32065220,080000000;3747651,1692783700;2183242,1677144500;193460,57099773500;22920498,655002000;65223333,3333333;269636,16852233800;8580985,4216354900;2643849,9036818000;2557000;4747262,9425279000;5009269,2189427600;28032962,634788300;153215666,6666670
2017-07-01;4260395,2076880500;12310100,3500000000;4642266,5505755000;18319700,0000000000;4632256,6115906200;41877490,986678400;2790672,2452810400;18923667,487952600;2470962,7679204600;26822357,203716400;32063143,510000000;3768902,3348944700;2199752,4378911400;192030,64198077700;23088779,924005900;65543333,3333334;275807,28065778700;8629479,3157477000;2643940,5961356100;2606000;4774078,2131873800;5041277,8115121500;28403287,878161500;153823333,3333330
2017-10-01;4283528,6948261100;12401106,7866667000;4696683,7271350400;18442200,0000000000;4653729,9908036100;41773623,341821200;2804552,7686360200;18980316,454505300;2504611,4652732600;26966715,429553500;32153619,080000000;3773532,0760481600;2224452,4407983800;196350,93379852100;23131862,339802600;65540000,0000000;272283,31646425500;8672519,2647761200;2650530,7131211300;2623000;4810559,9086036100;5046024,2498321100;28658307,682585800;153764333,3333330
2018-01-01;4300399,2415384400;12477556,9833333000;4732730,9685763600;18470100,0000000000;4659025,4062165000;41852521,397326600;2813051,9120793300;19076385,974993300;2518373,0645718300;26928886,266985000;32343075,260000000;3793365,5335022400;2221253,9992904500;196539,13563888000;23133329,354856900;66340000,0000000;279031,66896703800;8714798,2029824100;2666948,0269568700;2635000;4840913,7988526000;5081396,2325777000;28948527,522246000;154978333,3333330
2018-04-01;4312460,0478106500;12536932,0066667000;4711049,3217521800;18511066,6666667000;4660110,3099984200;41780601,149060200;2830888,5313081600;19292466,602343500;2540065,7013321600;27036525,134881900;32386445,240000000;3814151,2812053900;2259113,4879808500;196612,65986388000;23279150,376079300;66656666,6666666;276212,62074200800;8771577,5643686200;2681105,5047456200;2651000;4857827,0741522900;5092950,0971155600;28784334,305630200;155606333,3333330
2018-07-01;4323869,1831929200;12610688,8333333000;4785676,3894616500;18592366,6666667000;4691681,2741342800;42031070,678968300;2836596,8171797700;19401763,503586000;2542477,9666230200;27062666,770983300;32430613,080000000;3838985,2690773700;2272005,9622400400;200069,20965195800;23224673,826327700;66636666,6666666;279916,68740774200;8827916,2833802200;2691621,5071505200;2677000;4875223,6621481600;5102538,6658090700;28841010,852337400;155900333,3333330
2018-10-01;4339471,5274579900;12688479,4433333000;4791243,3202098100;18704333,3333333000;4690283,0096508100;41994006,774644900;2848462,7394327400;19540183,919077300;2558783,2674730000;27060221,827149800;32597306,400000000;3865597,9162150000;2277726,5504886600;200278,99484528300;23222746,442736100;66900000,0000000;284339,02288321100;8877707,9492687600;2703724,9611469800;2682000;4892735,4648469500;5112115,0044976700;28361127,319786400;156549666,6666670
2019-01-01;4352051,9446319400;12753961,1200000000;4786523,2859563400;18847900,0000000000;4686535,5257591300;42234058,906923000;2861047,4881638900;19681426,054682100;2562264,5870972600;27048059,173679200;32696693,780000000;3889924,7398319100;2301699,6090500100;201536,49985001200;23311038,930328900;67043333,3333334;286176,42697576000;8921715,1471814500;2700337,9005516400;2674000;4916791,2193997600;5121528,1293360600;28173000,094249100;156779333,3333330
2019-04-01;4348258,9864061800;12849035,3000000000;4867984,4001376800;18979633,3333333000;4709805,4860854600;42282070,232006400;2877956,1936826500;19752713,578621600;2560145,0850610400;27208565,018958300;32811255,670000000;3911736,7357903400;2311346,9103610500;202183,40639621400;23359226,328175000;67103333,3333334;291027,19500098800;8976458,7362832500;2707576,6463271400;2689000;4902731,1235123700;5124042,4146767200;28017177,048916200;156918333,3333330
2019-07-01;4349543,1709478000;12921687,0500000000;4853079,6646305300;19031333,3333333000;4700338,9624806100;42324597,164295400;2886598,1075767800;19746947,794176200;2565640,1685851100;27047496,349065400;32753276,870000000;3912298,0939904200;2323428,2106088100;198548,27055075000;23379731,770346600;67300000,0000000;290364,81147372800;9007279,8689938700;2730400,5119984200;2704000;4922947,5644656700;5142823,2079400600;28028890,297326200;157902666,6666670
2019-10-01;4369645,8980140800;12939628,9433333000;4820412,6492754400;19057800,0000000000;4726420,0256748100;42742073,696775100;2884898,2105766800;19936112,572520100;2574250,1592565900;27226979,458297100;32933598,300000000;3930140,4303873400;2353525,2699801400;201731,82320302500;23389402,971149500;67513333,3333333;288931,56654952500;9024046,2475414200;2723884,9411228100;2715000;4909830,0926222000;5137806,2480471600;28101532,559508500;158543666,6666670
2020-01-01;4335826,4214398100;12991087,0633333000;4843705,2676033200;18790066,6666667000;4714942,7160586900;42162530,607049900;2879691,9298250900;19893444,289977100;2576795,3923096900;27215573,794955100;33012173,830000000;3932024,6433112500;2359368,6350769100;200272,36124815100;23341960,751359300;67403333,3333333;288545,44184439000;9046964,7986122700;2728191,8150952500;2742000;4902783,9179211800;5109380,2742308900;27561235,419322800;157642333,3333330
2020-04-01;4217663,2244243600;12306910,3900000000;4778565,0861202800;16657100,0000000000;4625590,9218546000;41857593,941619000;2835314,4437114700;18556708,660606100;2481123,0284107500;26752779,421985300;32604611,710000000;3804125,8013624800;2234080,8778145000;193325,77895411300;22535311,637791800;66346666,6666666;291174,85238575600;8931948,0359456100;2690301,2623035600;2732000;4725605,7575442100;5032573,1905621200;25650894,464799800;137564666,6666670
2020-07-01;4318489,3477285400;12562246,3333333000;4815173,5045780000;18069133,3333333000;4701569,2825328500;41640800,105598200;2844442,2105363400;19048551,550742700;2516027,4900933100;26935949,332506700;32350307,710000000;3864852,4654341300;2282182,4995486400;197770,71354433900;22769092,445634700;66550000,0000000;292280,48647738800;8962362,1544792000;2688554,0753324500;2714000;4776588,6672349600;5059106,7469336300;27052788,548752000;146198666,6666670
2020-10-01;4315321,0064073000;12811811,0500000000;4774556,1416984100;18501733,3333333000;4742297,0795538600;41776475,345733100;2849851,4159270900;19310895,498674200;2538754,0891862400;27076897,450552900;32148639,340000000;3900897,0898921300;2301467,9875599500;186831,14625339600;22968735,165214200;66753333,3333334;297499,21929246600;8983025,0109629200;2700952,8472687500;2732000;4851521,6572996500;5056139,7882733600;26955481,567125400;149769333,3333330
2021-01-01;4250597,6000000000;12974107,3400000000;4740129,7460000000;18545833,3333333000;4654172,4940000000;41458342,750000000;2851719,7780000000;19430394,629000000;2547167,2080000000;27345332,590000000;32180940,640000000;3823829,5440000000;2296423,9950000000;188091,76829000000;22565760,473000000;66916666,6666666;301259,56140000000;9147878,2080000000;2720975,8050000000;2747000;4762582,4280000000;5053793,8130000000;;150372666,6666670
2021-04-01;4253853,6660000000;13108253,1700000000;4838189,4770000000;18658766,6666667000;4642247,0140000000;41635354,720000000;2894308,7720000000;19616262,417000000;2569741,0740000000;27664126,640000000;32276053,470000000;3885277,3330000000;2350758,1400000000;193686,33775000000;22708850,534000000;66563333,3333334;309385,48430000000;9310933,9640000000;2784405,6970000000;2775000;4813280,0370000000;5109903,5230000000;;151466000,0000000
2021-07-01;;13025355,8200000000;;18996400,0000000000;;;;;;;;;;;;66773333,3333334;;;;2830000;;;;153159666,6666670
